{"cameraMode":{"drawMode":0,"name":"Shaded","section":"Shading Mode"},"sceneLighting":false,"audioPlay":false,"sceneViewState":{"showFog":true,"showMaterialUpdate":false,"showSkybox":false,"showFlares":true,"showImageEffects":true,"showParticleSystems":true},"in2DMode":false,"pivot":{"x":0.08271858096122742,"y":0.821082592010498,"z":-4.330983638763428},"rotation":{"x":0.15757040679454804,"y":-0.14167200028896333,"z":0.022861924022436143,"w":0.9770383834838867},"size":4.396886348724365,"orthographic":false}